Model,CV_AUC_Mean,CV_AUC_Std,Test_AUC,Accuracy,Precision,Recall,F1_Score,Brier_Score
Logistic Regression,0.8573958925171695,0.014812092476502666,0.8848475529076878,0.7838765008576329,0.30158730158730157,0.8539325842696629,0.44574780058651026,0.15181508620141657
Random Forest,0.9032118133429023,0.012321258788319493,0.9183086704954262,0.8822184105202973,0.4444444444444444,0.6292134831460674,0.5209302325581395,0.08144091690362505
XGBoost,0.9165261829291389,0.01197272404597769,0.9262689620151767,0.8296169239565466,0.3522167487684729,0.8033707865168539,0.4897260273972603,0.10069732410869167
LightGBM,0.9152316455349222,0.01055834073452417,0.9220384926226051,0.8416237850200115,0.368,0.7752808988764045,0.49909584086799275,0.09815116817616441
MLP,0.8780899257896992,0.016733726498013014,0.8872613879372618,0.9188107489994283,0.75,0.30337078651685395,0.432,0.0653445987554747
