{
  "selected_features": [
    "WHtR_2023",
    "BMI_2023",
    "WWI_2023",
    "eGFR_2023",
    "WC_2023",
    "Sex",
    "AGE_2023",
    "DYS_drugs_2023",
    "LDL_2023",
    "FBG_2023",
    "HDL_2023",
    "TG_2023",
    "DM_drugs_2023",
    "PA_2023",
    "HTN_drugs_2023",
    "Smoke_2023",
    "SBP_2023",
    "TC_2023",
    "Drink_2023",
    "DBP_2023"
  ],
  "feature_means": {
    "WHtR_2023": 0.5381805248380579,
    "BMI_2023": 23.740605124685427,
    "WWI_2023": 11.056333812995138,
    "eGFR_2023": 96.4795360880597,
    "WC_2023": 84.0470372912377,
    "Sex": 1.5704644246167925,
    "AGE_2023": 72.72672157401053,
    "DYS_drugs_2023": 0.050102951269732326,
    "LDL_2023": 3.3241352093342487,
    "FBG_2023": 5.595125829329673,
    "HDL_2023": 1.3145092656142758,
    "TG_2023": 1.5731571722717912,
    "DM_drugs_2023": 0.07995881949210706,
    "PA_2023": 1.0387783115991764,
    "HTN_drugs_2023": 0.3723404255319149,
    "Smoke_2023": 0.39155799588194923,
    "SBP_2023": 135.70990619995425,
    "TC_2023": 5.4037005261953786,
    "Drink_2023": 0.16884008236101578,
    "DBP_2023": 78.14092884923359
  }
}